timestamp,pid,start_time,active_state,n_restarts,rss_kib,vsz_kib,cpu_pct,threads,fd_count,child_count,zombie_count_system,zombie_count_children,xpu_smi_children
2026-09-24T18:22:42Z,538627,"Thu Sep 24 18:21:20 2026",active,0,11788,3326892,1.5,2,10,0,1,0,0
2026-09-24T18:23:12Z,538627,"Thu Sep 24 18:21:20 2026",active,0,11924,3326892,1.5,2,10,0,1,0,0
2026-09-24T18:23:42Z,538627,"Thu Sep 24 18:21:20 2026",active,0,12000,3326892,1.5,2,10,0,1,0,0
2026-09-24T18:24:12Z,538627,"Thu Sep 24 18:21:20 2026",active,0,12000,3326892,1.5,2,10,0,1,0,0
2026-09-24T18:24:43Z,538627,"Thu Sep 24 18:21:20 2026",active,0,12368,3326892,1.5,2,10,0,1,0,0
2026-09-24T18:25:13Z,538627,"Thu Sep 24 18:21:20 2026",active,0,12084,3326892,1.4,2,10,0,1,0,0
2026-09-24T18:25:43Z,538627,"Thu Sep 24 18:21:20 2026",active,0,12008,3326892,1.4,2,10,0,1,0,0
2026-09-24T18:26:13Z,538627,"Thu Sep 24 18:21:20 2026",active,0,12080,3326892,1.4,2,10,0,1,0,0
2026-09-24T18:26:43Z,538627,"Thu Sep 24 18:21:20 2026",active,0,12080,3326892,1.4,2,10,0,1,0,0
2026-09-24T18:27:13Z,538627,"Thu Sep 24 18:21:20 2026",active,0,12080,3326952,1.4,7,12,2,1,0,0
2026-09-24T18:27:44Z,538627,"Thu Sep 24 18:21:20 2026",active,0,12080,3326916,1.4,4,11,0,1,0,2
2026-09-24T18:28:14Z,538627,"Thu Sep 24 18:21:20 2026",active,0,12368,3326892,1.4,2,10,0,1,0,0
2026-09-24T18:28:44Z,538627,"Thu Sep 24 18:21:20 2026",active,0,12084,3326892,1.4,2,10,0,1,0,0
2026-09-24T18:29:14Z,538627,"Thu Sep 24 18:21:20 2026",active,0,12084,3326892,1.4,2,10,0,1,0,0
2026-09-24T18:29:44Z,538627,"Thu Sep 24 18:21:20 2026",active,0,12084,3326892,1.4,2,10,0,1,0,0
2026-09-24T18:30:14Z,538627,"Thu Sep 24 18:21:20 2026",active,0,12084,3326892,1.4,2,10,0,1,0,0
2026-09-24T18:30:45Z,538627,"Thu Sep 24 18:21:20 2026",active,0,12084,3326892,1.4,2,10,0,1,0,0
2026-09-24T18:31:15Z,538627,"Thu Sep 24 18:21:20 2026",active,0,12084,3326892,1.4,2,10,0,1,0,0
2026-09-24T18:31:45Z,538627,"Thu Sep 24 18:21:20 2026",active,0,12416,3326892,1.4,2,10,0,1,0,0
2026-09-24T18:32:15Z,538627,"Thu Sep 24 18:21:20 2026",active,0,12084,3326892,1.4,2,10,0,1,0,0
2026-09-24T18:32:45Z,538627,"Thu Sep 24 18:21:20 2026",active,0,12084,3326892,1.4,2,10,0,1,0,0
2026-09-24T18:33:15Z,538627,"Thu Sep 24 18:21:20 2026",active,0,12084,3326892,1.4,2,10,0,1,0,0
2026-09-24T18:33:46Z,538627,"Thu Sep 24 18:21:20 2026",active,0,12088,3326892,1.4,2,10,0,1,0,0
2026-09-24T18:34:16Z,538627,"Thu Sep 24 18:21:20 2026",active,0,12084,3326892,1.4,2,10,0,1,0,0
2026-09-24T18:34:46Z,538627,"Thu Sep 24 18:21:20 2026",active,0,12084,3326892,1.4,2,10,0,1,0,0
2026-09-24T18:35:16Z,538627,"Thu Sep 24 18:21:20 2026",active,0,12416,3326892,1.4,2,10,0,1,0,0
2026-09-24T18:35:46Z,538627,"Thu Sep 24 18:21:20 2026",active,0,12084,3326892,1.4,2,10,0,1,0,0
2026-09-24T18:36:16Z,538627,"Thu Sep 24 18:21:20 2026",active,0,12012,3326952,1.4,7,12,2,1,0,2
2026-09-24T18:36:47Z,538627,"Thu Sep 24 18:21:20 2026",active,0,12084,3326892,1.4,2,10,0,1,0,0
2026-09-24T18:37:17Z,538627,"Thu Sep 24 18:21:20 2026",active,0,12064,3326892,1.4,2,10,0,1,0,0
2026-09-24T18:37:47Z,538627,"Thu Sep 24 18:21:20 2026",active,0,12132,3326892,1.4,2,10,0,1,0,0
2026-09-24T18:38:17Z,538627,"Thu Sep 24 18:21:20 2026",active,0,12132,3326892,1.4,2,10,0,1,0,0
2026-09-24T18:38:47Z,538627,"Thu Sep 24 18:21:20 2026",active,0,12416,3326892,1.4,2,10,0,1,0,0
2026-09-24T18:39:18Z,538627,"Thu Sep 24 18:21:20 2026",active,0,12132,3326892,1.4,2,10,0,1,0,0
2026-09-24T18:39:48Z,538627,"Thu Sep 24 18:21:20 2026",active,0,12060,3326892,1.4,2,10,0,1,0,0
2026-09-24T18:40:18Z,538627,"Thu Sep 24 18:21:20 2026",active,0,12060,3326892,1.4,2,10,0,1,0,0
2026-09-24T18:40:48Z,538627,"Thu Sep 24 18:21:20 2026",active,0,12060,3326892,1.4,2,10,0,1,0,0
2026-09-24T18:41:18Z,538627,"Thu Sep 24 18:21:20 2026",active,0,12132,3326892,1.4,2,10,0,1,0,0
2026-09-24T18:41:48Z,538627,"Thu Sep 24 18:21:20 2026",active,0,12132,3326892,1.4,2,10,0,1,0,0
2026-09-24T18:42:19Z,538627,"Thu Sep 24 18:21:20 2026",active,0,12420,3326892,1.4,2,10,0,1,0,0
2026-09-24T18:42:49Z,538627,"Thu Sep 24 18:21:20 2026",active,0,12136,3326892,1.4,2,10,0,1,0,0
2026-09-24T18:43:19Z,538627,"Thu Sep 24 18:21:20 2026",active,0,12132,3326892,1.4,2,10,0,1,0,0
2026-09-24T18:43:49Z,538627,"Thu Sep 24 18:21:20 2026",active,0,12136,3326892,1.4,2,10,0,1,0,0
2026-09-24T18:44:19Z,538627,"Thu Sep 24 18:21:20 2026",active,0,12132,3326892,1.4,2,10,0,1,0,0
2026-09-24T18:44:49Z,538627,"Thu Sep 24 18:21:20 2026",active,0,12132,3326952,1.4,7,12,2,1,0,2
2026-09-24T18:45:20Z,538627,"Thu Sep 24 18:21:20 2026",active,0,12132,3326916,1.4,4,11,1,1,0,0
2026-09-24T18:45:50Z,538627,"Thu Sep 24 18:21:20 2026",active,0,12416,3326892,1.4,2,10,0,1,0,0
2026-09-24T18:46:20Z,538627,"Thu Sep 24 18:21:20 2026",active,0,12136,3326892,1.4,2,10,0,1,0,0
2026-09-24T18:46:50Z,538627,"Thu Sep 24 18:21:20 2026",active,0,12140,3326892,1.4,2,10,0,1,0,0
2026-09-24T18:47:20Z,538627,"Thu Sep 24 18:21:20 2026",active,0,12140,3326892,1.4,2,10,0,1,0,0
2026-09-24T18:47:50Z,538627,"Thu Sep 24 18:21:20 2026",active,0,12132,3326892,1.4,2,10,0,1,0,0
2026-09-24T18:48:21Z,538627,"Thu Sep 24 18:21:20 2026",active,0,12136,3326892,1.4,2,10,0,1,0,0
2026-09-24T18:48:51Z,538627,"Thu Sep 24 18:21:20 2026",active,0,12136,3326892,1.4,2,10,0,1,0,0
2026-09-24T18:49:21Z,538627,"Thu Sep 24 18:21:20 2026",active,0,12420,3326892,1.4,2,10,0,1,0,0
2026-09-24T18:49:51Z,538627,"Thu Sep 24 18:21:20 2026",active,0,12136,3326892,1.4,2,10,0,1,0,0
2026-09-24T18:50:21Z,538627,"Thu Sep 24 18:21:20 2026",active,0,12136,3326892,1.4,2,10,0,1,0,0
2026-09-24T18:50:52Z,538627,"Thu Sep 24 18:21:20 2026",active,0,12140,3326892,1.4,2,10,0,1,0,0
2026-09-24T18:51:22Z,538627,"Thu Sep 24 18:21:20 2026",active,0,12472,3326892,1.4,2,10,0,1,0,0
2026-09-24T18:51:52Z,538627,"Thu Sep 24 18:21:20 2026",active,0,12144,3326892,1.4,2,10,0,1,0,0
2026-09-24T18:52:22Z,538627,"Thu Sep 24 18:21:20 2026",active,0,12144,3326892,1.4,2,10,0,1,0,0
2026-09-24T18:52:52Z,538627,"Thu Sep 24 18:21:20 2026",active,0,12144,3326892,1.4,2,10,0,1,0,0
2026-09-24T18:53:22Z,538627,"Thu Sep 24 18:21:20 2026",active,0,12144,3326892,1.4,2,10,0,1,0,0
2026-09-24T18:53:53Z,538627,"Thu Sep 24 18:21:20 2026",active,0,12144,3326952,1.4,7,12,2,1,0,2
2026-09-24T18:54:23Z,538627,"Thu Sep 24 18:21:20 2026",active,0,12144,3326892,1.4,2,10,1,1,0,1
2026-09-24T18:54:53Z,538627,"Thu Sep 24 18:21:20 2026",active,0,12144,3326892,1.4,2,10,0,1,0,0
2026-09-24T18:55:23Z,538627,"Thu Sep 24 18:21:20 2026",active,0,12144,3326892,1.4,2,10,0,1,0,0
2026-09-24T18:55:53Z,538627,"Thu Sep 24 18:21:20 2026",active,0,12144,3326892,1.4,2,10,0,1,0,0
2026-09-24T18:56:23Z,538627,"Thu Sep 24 18:21:20 2026",active,0,12424,3326892,1.4,2,10,0,1,0,0
2026-09-24T18:56:54Z,538627,"Thu Sep 24 18:21:20 2026",active,0,12140,3326892,1.4,2,10,0,1,0,0
2026-09-24T18:57:24Z,538627,"Thu Sep 24 18:21:20 2026",active,0,12140,3326892,1.4,2,10,0,1,0,0
2026-09-24T18:57:54Z,538627,"Thu Sep 24 18:21:20 2026",active,0,12144,3326892,1.4,2,10,0,1,0,0
2026-09-24T18:58:24Z,538627,"Thu Sep 24 18:21:20 2026",active,0,12148,3326892,1.4,2,10,0,1,0,0
2026-09-24T18:58:54Z,538627,"Thu Sep 24 18:21:20 2026",active,0,12148,3326892,1.4,2,10,0,1,0,0
2026-09-24T18:59:24Z,538627,"Thu Sep 24 18:21:20 2026",active,0,12148,3326892,1.4,2,10,0,1,0,0
2026-09-24T18:59:55Z,538627,"Thu Sep 24 18:21:20 2026",active,0,12148,3326892,1.4,2,10,0,1,0,0
2026-09-24T19:00:25Z,538627,"Thu Sep 24 18:21:20 2026",active,0,12144,3326892,1.4,2,10,0,1,0,0
2026-09-24T19:00:55Z,538627,"Thu Sep 24 18:21:20 2026",active,0,12144,3326892,1.4,2,10,0,1,0,0
2026-09-24T19:01:25Z,538627,"Thu Sep 24 18:21:20 2026",active,0,12148,3326892,1.4,2,10,0,1,0,0
2026-09-24T19:01:55Z,538627,"Thu Sep 24 18:21:20 2026",active,0,12428,3326892,1.4,2,10,0,1,0,0
2026-09-24T19:02:25Z,538627,"Thu Sep 24 18:21:20 2026",active,0,12152,3326892,1.4,2,10,0,1,0,0
2026-09-24T19:02:56Z,538627,"Thu Sep 24 18:21:20 2026",active,0,12152,3326952,1.4,7,12,2,1,0,2
2026-09-24T19:03:26Z,538627,"Thu Sep 24 18:21:20 2026",active,0,12152,3326892,1.4,2,10,0,1,0,0
2026-09-24T19:03:56Z,538627,"Thu Sep 24 18:21:20 2026",active,0,12148,3326892,1.4,2,10,0,1,0,0
2026-09-24T19:04:26Z,538627,"Thu Sep 24 18:21:20 2026",active,0,12148,3326892,1.4,2,10,0,1,0,0
2026-09-24T19:04:56Z,538627,"Thu Sep 24 18:21:20 2026",active,0,12148,3326892,1.4,2,10,0,1,0,0
2026-09-24T19:05:27Z,538627,"Thu Sep 24 18:21:20 2026",active,0,12432,3326892,1.4,2,10,0,1,0,0
2026-09-24T19:05:57Z,538627,"Thu Sep 24 18:21:20 2026",active,0,12148,3326892,1.4,2,10,0,1,0,0
2026-09-24T19:06:27Z,538627,"Thu Sep 24 18:21:20 2026",active,0,12152,3326892,1.4,2,10,0,1,0,0
2026-09-24T19:06:57Z,538627,"Thu Sep 24 18:21:20 2026",active,0,12152,3326892,1.4,2,10,0,1,0,0
2026-09-24T19:07:27Z,538627,"Thu Sep 24 18:21:20 2026",active,0,12076,3326892,1.4,2,10,0,1,0,0
2026-09-24T19:07:57Z,538627,"Thu Sep 24 18:21:20 2026",active,0,12152,3326892,1.4,2,10,0,1,0,0
2026-09-24T19:08:28Z,538627,"Thu Sep 24 18:21:20 2026",active,0,12148,3326892,1.4,2,10,0,1,0,0
2026-09-24T19:08:58Z,538627,"Thu Sep 24 18:21:20 2026",active,0,12432,3326892,1.4,2,10,0,1,0,0
2026-09-24T19:09:28Z,538627,"Thu Sep 24 18:21:20 2026",active,0,12148,3326892,1.4,2,10,0,1,0,0
2026-09-24T19:09:58Z,538627,"Thu Sep 24 18:21:20 2026",active,0,12152,3326892,1.4,2,10,0,1,0,0
2026-09-24T19:10:28Z,538627,"Thu Sep 24 18:21:20 2026",active,0,12148,3326892,1.4,2,10,0,1,0,0
2026-09-24T19:10:58Z,538627,"Thu Sep 24 18:21:20 2026",active,0,12432,3326892,1.4,2,10,0,1,0,0
2026-09-24T19:11:29Z,538627,"Thu Sep 24 18:21:20 2026",active,0,12148,3326892,1.4,2,10,0,1,0,0
2026-09-24T19:11:59Z,538627,"Thu Sep 24 18:21:20 2026",active,0,12148,3326892,1.4,2,10,0,1,0,0
2026-09-24T19:12:29Z,538627,"Thu Sep 24 18:21:20 2026",active,0,12144,3326952,1.4,7,12,2,1,0,2
2026-09-24T19:12:59Z,538627,"Thu Sep 24 18:21:20 2026",active,0,12144,3326892,1.4,2,10,0,1,0,0
2026-09-24T19:13:29Z,538627,"Thu Sep 24 18:21:20 2026",active,0,12144,3326892,1.4,2,10,0,1,0,0
2026-09-24T19:13:59Z,538627,"Thu Sep 24 18:21:20 2026",active,0,12148,3326892,1.4,2,10,0,1,0,0
2026-09-24T19:14:30Z,538627,"Thu Sep 24 18:21:20 2026",active,0,12148,3326892,1.4,2,10,0,1,0,0
2026-09-24T19:15:00Z,538627,"Thu Sep 24 18:21:20 2026",active,0,12148,3326892,1.4,2,10,0,1,0,0
2026-09-24T19:15:30Z,538627,"Thu Sep 24 18:21:20 2026",active,0,12144,3326892,1.4,2,10,0,1,0,0
2026-09-24T19:16:00Z,538627,"Thu Sep 24 18:21:20 2026",active,0,12148,3326892,1.4,2,10,0,1,0,0
2026-09-24T19:16:30Z,538627,"Thu Sep 24 18:21:20 2026",active,0,12148,3326892,1.4,2,10,0,1,0,0
2026-09-24T19:17:00Z,538627,"Thu Sep 24 18:21:20 2026",active,0,12148,3326892,1.4,2,10,0,1,0,0
2026-09-24T19:17:31Z,538627,"Thu Sep 24 18:21:20 2026",active,0,12304,3326892,1.4,2,10,0,1,0,0
2026-09-24T19:18:01Z,538627,"Thu Sep 24 18:21:20 2026",active,0,12304,3326892,1.4,2,10,0,1,0,0
2026-09-24T19:18:31Z,538627,"Thu Sep 24 18:21:20 2026",active,0,12592,3326892,1.4,2,10,0,1,0,0
2026-09-24T19:19:01Z,538627,"Thu Sep 24 18:21:20 2026",active,0,12308,3326892,1.4,2,10,0,1,0,0
2026-09-24T19:19:31Z,538627,"Thu Sep 24 18:21:20 2026",active,0,12308,3326892,1.4,2,10,0,1,0,0
2026-09-24T19:20:02Z,538627,"Thu Sep 24 18:21:20 2026",active,0,12304,3326892,1.4,2,10,0,1,0,0
